bench,label,horizon,n,ic,t,spread,win_diff,hit,type
wind_all,pmi_expectation,3,30,-0.698,-5.15,-12.78,-0.6,0.233,indicator
sse,property_loans,6,24,0.688,4.45,14.14,0.5,0.792,indicator
hs300,property_loans,6,24,0.622,3.73,14.4,0.38,0.75,indicator
wind_all,property_loans,6,24,0.62,3.7,17.53,0.5,0.75,indicator
sse,property_sales_area,6,24,0.575,3.3,10.05,0.38,0.708,indicator
wind_all,cx_pmi,3,31,-0.561,-3.65,-9.96,-0.4,0.323,indicator
wind_all,property_sales_area,6,24,0.558,3.15,12.67,0.25,0.667,indicator
sse,pmi_expectation,3,30,-0.55,-3.49,-8.35,-0.3,0.333,indicator
hs300,pmi_expectation,3,30,-0.545,-3.44,-8.99,-0.6,0.267,indicator
hs300,world_trade_yoy_3mma,6,39,0.532,3.82,12.35,0.31,0.769,indicator
hs300,non_man_pmi,3,54,-0.53,-4.51,-10.26,-0.61,0.333,indicator
wind_all,world_trade_yoy_3mma,6,39,0.517,3.67,14.83,0.46,0.795,indicator
hs300,world_trade_yoy_3mma,3,42,0.517,3.82,7.94,0.36,0.643,indicator
wind_all,property_funds,6,24,0.513,2.8,12.11,0.25,0.708,indicator
hs300,exports,6,51,0.513,4.19,12.7,0.47,0.569,indicator
sse,property_funds,6,24,0.505,2.75,9.12,0.38,0.75,indicator
wind_all,world_trade_yoy_3mma,3,42,0.501,3.66,9.36,0.57,0.738,indicator
wind_all,exports,6,51,0.497,4.01,14.79,0.53,0.569,indicator
sse,cx_pmi,3,31,-0.494,-3.06,-6.22,-0.4,0.419,indicator
hs300,pmi_production,3,30,-0.491,-2.98,-7.13,-0.7,0.2,indicator
hs300,pmi_headline,3,30,-0.489,-2.97,-7.29,-0.7,0.2,indicator
sse,property_funds,3,27,0.485,2.77,8.07,0.56,0.704,indicator
wind_all,property_sales_area,3,27,0.478,2.72,9.74,0.67,0.815,indicator
sse,property_sales_area,3,27,0.478,2.72,7.53,0.56,0.741,indicator
wind_all,non_man_pmi,3,54,-0.477,-3.91,-11.29,-0.61,0.315,indicator
wind_all,cx_pmi,1,33,-0.473,-2.99,-6.35,-0.45,0.273,indicator
wind_all,copper_oil_ratio,6,51,0.467,3.69,12.13,0.47,0.647,indicator
wind_all,property_funds,3,27,0.467,2.64,10.75,0.67,0.778,indicator
sse,special_bond_issuance,3,23,0.467,2.42,7.88,0.57,0.826,indicator
sse,non_man_pmi,3,54,-0.466,-3.8,-7.9,-0.5,0.315,indicator
hs300,copper_oil_ratio,6,51,0.464,3.67,9.9,0.35,0.608,indicator
sse,caixin_services_pmi,3,31,-0.464,-2.82,-8.28,-0.4,0.387,indicator
hs300,property_sales_area,6,24,0.463,2.45,7.89,0.12,0.583,indicator
hs300,fai_equipment,6,24,0.456,2.4,7.84,0.12,0.625,indicator
sse,fai_equipment,6,24,0.456,2.41,6.41,0.0,0.583,indicator
wind_all,caixin_services_pmi,3,31,-0.447,-2.69,-12.56,-0.5,0.419,indicator
sse,world_trade_yoy_3mma,3,42,0.441,3.11,5.88,0.43,0.69,indicator
wind_all,industrial_momentum,1,38,-0.436,-2.91,-6.35,-0.58,0.316,indicator
sse,industrial_revenue,1,28,-0.428,-2.42,-3.14,-0.33,0.464,indicator
hs300,industrial_momentum,1,38,-0.424,-2.81,-5.59,-0.67,0.263,indicator
sse,caixin_services_pmi,6,28,-0.422,-2.37,-7.13,-0.11,0.536,indicator
hs300,property_funds,6,24,0.42,2.17,7.47,0.12,0.625,indicator
hs300,ppi,6,51,0.417,3.21,9.11,0.47,0.569,indicator
wind_all,caixin_services_pmi,6,28,-0.416,-2.33,-9.78,-0.22,0.464,indicator
wind_all,special_bond_issuance,3,23,0.416,2.09,10.63,0.57,0.826,indicator
sse,world_trade_yoy_3mma,6,39,0.416,2.78,9.55,0.31,0.744,indicator
sse,pmi_headline,3,30,-0.415,-2.42,-7.03,-0.5,0.333,indicator
hs300,new_high_breadth,1,12,-0.413,-1.43,-4.28,-0.5,0.417,indicator
hs300,special_bond_issuance,3,23,0.408,2.05,7.75,0.43,0.739,indicator
sse,pmi_production,3,30,-0.404,-2.33,-6.29,-0.5,0.333,indicator
sse,exports,6,51,0.398,3.04,9.22,0.41,0.529,indicator
hs300,m1_m2_spread,1,32,0.393,2.34,2.72,0.4,0.656,indicator
wind_all,industrial_revenue,1,28,-0.391,-2.16,-5.24,-0.22,0.429,indicator
sse,cx_pmi,1,33,-0.391,-2.37,-3.89,-0.36,0.364,indicator
wind_all,pmi_production,3,30,-0.389,-2.24,-10.12,-0.3,0.367,indicator
sse,industrial_inventory,1,28,-0.388,-2.14,-2.59,-0.44,0.429,indicator
wind_all,order_inventory_spread,1,32,-0.387,-2.3,-4.91,-0.2,0.406,indicator
sse,copper_oil_ratio,6,51,0.387,2.94,6.95,0.29,0.608,indicator
hs300,gdp,6,17,0.385,1.61,11.6,0.4,0.471,indicator
sse,order_inventory_spread,3,30,-0.366,-2.08,-6.04,-0.5,0.4,indicator
hs300,property_funds,3,27,0.365,1.96,6.5,0.22,0.556,indicator
hs300,cx_pmi,3,31,-0.364,-2.11,-4.9,-0.2,0.452,indicator
wind_all,pmi_headline,3,30,-0.363,-2.06,-9.43,-0.4,0.367,indicator
hs300,caixin_services_pmi,6,28,-0.36,-1.97,-6.32,0.0,0.571,indicator
wind_all,copper_oil_ratio,3,54,0.359,2.77,7.21,0.33,0.556,indicator
wind_all,pmi_expectation,6,27,-0.356,-1.9,-4.43,-0.22,0.333,indicator
sse,caixin_services_pmi,1,33,-0.355,-2.11,-3.51,-0.27,0.424,indicator
hs300,imports,6,51,0.354,2.65,8.37,0.47,0.49,indicator
wind_all,non_man_pmi,1,56,-0.347,-2.72,-4.22,-0.28,0.429,indicator
sse,copper_oil_ratio,3,54,0.345,2.65,4.82,0.22,0.556,indicator
wind_all,industrial_profit,3,27,-0.344,-1.83,-12.03,-0.56,0.407,indicator
wind_all,industrial_momentum,6,34,-0.342,-2.06,-6.43,-0.27,0.324,indicator
wind_all,fai_equipment,6,24,0.341,1.7,5.75,0.12,0.625,indicator
hs300,property_sales_area,3,27,0.34,1.81,6.43,0.22,0.593,indicator
hs300,copper_oil_ratio,3,54,0.335,2.57,6.14,0.17,0.5,indicator
wind_all,caixin_services_pmi,1,33,-0.334,-1.97,-5.67,-0.18,0.455,indicator
wind_all,ppi,6,51,0.334,2.48,9.88,0.41,0.569,indicator
wind_all,gdp,6,17,0.333,1.37,11.81,0.2,0.412,indicator
hs300,order_inventory_spread,3,30,-0.333,-1.87,-4.98,-0.5,0.333,indicator
hs300,industrial_revenue,1,28,-0.331,-1.79,-2.66,-0.22,0.429,indicator
sse,industrial_profit,1,28,-0.331,-1.79,-4.79,-0.33,0.429,indicator
hs300,industrial_inventory,1,28,-0.33,-1.78,-2.02,-0.22,0.464,indicator
wind_all,cx_pmi,6,28,-0.328,-1.77,-8.88,-0.33,0.357,indicator
hs300,non_man_pmi,1,56,-0.328,-2.55,-3.99,-0.39,0.411,indicator
sse,property_loans,3,27,0.326,1.73,5.92,0.33,0.741,indicator
hs300,property_sales_area,1,28,0.325,1.75,3.68,0.11,0.536,indicator
sse,ppi,6,51,0.322,2.38,6.05,0.41,0.49,indicator
sse,industrial_momentum,1,38,-0.316,-1.99,-3.56,-0.33,0.368,indicator
sse,gdp,6,17,0.314,1.28,7.52,0.4,0.412,indicator
sse,price_spread,3,30,0.313,1.74,3.74,0.2,0.633,indicator
wind_all,order_inventory_spread,3,30,-0.312,-1.74,-7.55,-0.3,0.433,indicator
hs300,cx_pmi,1,33,-0.312,-1.83,-3.42,-0.27,0.333,indicator
sse,m1_m2_spread,1,32,0.312,1.8,2.63,0.5,0.688,indicator
wind_all,industrial_profit,1,28,-0.31,-1.66,-7.17,-0.22,0.393,indicator
sse,industrial_inventory,3,27,-0.309,-1.62,-2.99,-0.33,0.481,indicator
hs300,resale_house_breadth,1,55,-0.308,-2.35,-2.75,-0.17,0.345,indicator
hs300,exports,3,54,0.306,2.32,6.42,0.22,0.574,indicator
wind_all,property_loans,3,27,0.303,1.59,7.32,0.33,0.741,indicator
wind_all,industrial_profit,6,24,-0.302,-1.49,-8.93,-0.25,0.583,indicator
sse,property_sales_area,1,28,0.302,1.61,3.47,0.33,0.643,indicator
sse,pmi_expectation,6,27,-0.3,-1.57,-2.24,0.11,0.37,indicator
wind_all,resale_house_breadth,1,55,-0.298,-2.27,-3.14,-0.22,0.327,indicator
wind_all,industrial_inventory,1,28,-0.296,-1.58,-2.72,-0.11,0.464,indicator
hs300,gdp,1,19,0.293,1.26,3.89,0.33,0.632,indicator
hs300,pmi_expectation,6,27,-0.29,-1.51,-3.46,0.0,0.407,indicator
sse,order_inventory_spread,1,32,-0.287,-1.64,-3.36,-0.3,0.375,indicator
hs300,pmi_new_export_orders,6,27,0.285,1.49,7.53,0.33,0.63,indicator
wind_all,exports,3,54,0.283,2.13,6.8,0.44,0.63,indicator
wind_all,property_sales_area,1,28,0.283,1.5,5.34,0.11,0.536,indicator
wind_all,price_spread,3,30,0.277,1.52,3.83,0.2,0.6,indicator
hs300,caixin_services_pmi,3,31,-0.277,-1.56,-8.08,-0.1,0.548,indicator
sse,industrial_profit,3,27,-0.276,-1.44,-7.77,-0.22,0.556,indicator
wind_all,world_trade_yoy_3mma,1,42,0.275,1.81,3.26,0.29,0.595,indicator
sse,core_cpi,6,27,-0.264,-1.37,-3.31,0.0,0.556,indicator
wind_all,non_man_pmi,6,51,-0.263,-1.9,-5.17,-0.12,0.412,indicator
hs300,resale_house_breadth,6,51,-0.259,-1.88,-4.54,-0.41,0.373,indicator
wind_all,m1_m2_spread,1,32,0.258,1.46,3.7,0.4,0.656,indicator
sse,non_man_pmi,1,56,-0.256,-1.94,-2.99,-0.28,0.411,indicator
hs300,pmi_new_export_orders,3,30,-0.255,-1.39,1.22,-0.2,0.4,indicator
sse,m1_m2_spread,3,30,0.254,1.39,5.03,0.6,0.633,indicator
hs300,industrial_profit,1,28,-0.249,-1.31,-4.54,-0.22,0.393,indicator
sse,special_bond_issuance,1,25,0.245,1.21,4.38,0.25,0.64,indicator
hs300,world_trade_yoy_3mma,1,42,0.244,1.59,2.86,0.43,0.643,indicator
sse,property_funds,1,28,0.244,1.28,2.65,0.33,0.679,indicator
sse,pmi_new_export_orders,6,27,0.242,1.25,5.65,0.44,0.741,indicator
sse,resale_house_breadth,1,55,-0.241,-1.81,-2.16,-0.11,0.345,indicator
wind_all,industrial_inventory,3,27,-0.24,-1.24,-2.21,-0.44,0.481,indicator
wind_all,resale_house_breadth,6,51,-0.24,-1.73,-4.66,-0.35,0.412,indicator
hs300,industrial_inventory,3,27,-0.24,-1.23,-1.12,-0.11,0.481,indicator
hs300,imports,3,54,0.237,1.76,5.05,0.22,0.611,indicator
sse,industrial_profit,6,24,-0.233,-1.13,-6.04,-0.12,0.625,indicator
wind_all,imports,6,51,0.232,1.67,7.66,0.35,0.49,indicator
hs300,order_inventory_spread,1,32,-0.229,-1.29,-3.7,-0.1,0.406,indicator
hs300,property_funds,1,28,0.229,1.2,2.16,0.0,0.571,indicator
hs300,property_loans,3,27,0.229,1.17,5.36,0.11,0.593,indicator
sse,industrial_momentum,6,34,-0.227,-1.32,-2.49,-0.27,0.382,indicator
sse,exports,3,54,0.226,1.68,4.26,0.22,0.519,indicator
wind_all,property_funds,1,28,0.221,1.16,4.02,0.0,0.571,indicator
sse,cx_pmi,6,28,-0.221,-1.15,-5.07,0.0,0.5,indicator
sse,gdp,1,19,0.221,0.93,3.34,0.33,0.526,indicator
sse,resale_house_breadth,6,51,-0.219,-1.57,-3.34,-0.29,0.412,indicator
hs300,special_bond_issuance,1,25,0.218,1.07,4.79,0.12,0.6,indicator
hs300,resale_house_breadth,3,54,-0.218,-1.61,-4.04,-0.28,0.389,indicator
sse,world_trade_yoy_3mma,1,42,0.215,1.4,2.25,0.29,0.619,indicator
hs300,non_man_pmi,6,51,-0.211,-1.51,-3.72,-0.12,0.373,indicator
wind_all,pmi_new_export_orders,6,27,0.21,1.07,8.98,0.44,0.63,indicator
hs300,price_spread,3,30,0.207,1.12,2.54,-0.1,0.5,indicator
sse,non_man_pmi,6,51,-0.207,-1.48,-3.36,-0.18,0.373,indicator
hs300,caixin_services_pmi,1,33,-0.205,-1.17,-2.92,-0.18,0.455,indicator
sse,fai_equipment,3,27,0.201,1.02,1.61,0.11,0.556,indicator
hs300,exports,1,56,0.2,1.5,1.98,0.33,0.643,indicator
hs300,m1_m2_spread,3,30,0.198,1.07,4.6,0.5,0.633,indicator
wind_all,index_pe_ttm,1,12,0.196,0.63,-1.24,-0.25,0.333,indicator
sse,pmi_new_export_orders,3,30,-0.196,-1.06,0.54,-0.2,0.4,indicator
hs300,copper_oil_ratio,1,55,0.193,1.43,1.57,0.17,0.527,indicator
wind_all,exports,1,56,0.191,1.43,1.63,0.22,0.589,indicator
wind_all,pmi_headline,1,32,-0.19,-1.06,-3.0,-0.2,0.406,indicator
wind_all,pmi_expectation,1,32,-0.19,-1.06,-4.73,-0.2,0.438,indicator
wind_all,industrial_momentum,3,37,-0.188,-1.13,-3.91,-0.17,0.324,indicator
sse,m1_m2_spread,6,27,0.186,0.95,3.7,0.22,0.63,indicator
sse,price_spread,6,27,0.185,0.94,4.63,0.0,0.519,indicator
wind_all,gdp,1,19,0.184,0.77,4.77,0.33,0.579,indicator
wind_all,industrial_revenue,3,27,-0.183,-0.93,0.24,-0.22,0.519,indicator
wind_all,new_high_breadth,1,12,-0.182,-0.58,-4.64,-0.5,0.417,indicator
hs300,industrial_revenue,6,24,0.182,0.87,4.96,0.12,0.708,indicator
sse,property_loans,1,28,0.181,0.94,2.4,0.11,0.571,indicator
hs300,core_cpi,1,32,0.179,1.0,-0.52,0.2,0.594,indicator
sse,imports,6,51,0.179,1.27,4.19,0.18,0.373,indicator
wind_all,core_cpi,6,27,-0.173,-0.88,-2.34,-0.11,0.519,indicator
wind_all,copper_oil_ratio,1,55,0.172,1.27,1.2,0.17,0.545,indicator
hs300,industrial_momentum,6,34,-0.172,-0.99,-2.34,0.0,0.471,indicator
hs300,core_cpi,6,27,-0.165,-0.84,-1.7,0.0,0.593,indicator
sse,resale_house_breadth,3,54,-0.165,-1.21,-3.38,-0.33,0.37,indicator
hs300,cx_pmi,6,28,-0.161,-0.83,-4.26,-0.22,0.464,indicator
wind_all,special_bond_issuance,1,25,0.159,0.77,5.43,0.12,0.6,indicator
hs300,industrial_profit,6,24,-0.159,-0.75,-4.19,0.0,0.667,indicator
wind_all,core_cpi,1,32,0.157,0.87,-0.71,0.2,0.594,indicator
hs300,industrial_profit,3,27,-0.157,-0.8,-6.71,-0.11,0.556,indicator
sse,copper_oil_ratio,1,55,0.156,1.15,1.15,0.28,0.564,indicator
hs300,property_loans,1,28,0.155,0.8,2.15,-0.11,0.464,indicator
hs300,pmi_expectation,1,32,-0.15,-0.83,-3.05,0.0,0.5,indicator
wind_all,m1_m2_spread,3,30,0.146,0.78,5.38,0.4,0.6,indicator
wind_all,special_bond_issuance,6,20,0.145,0.62,7.45,0.17,0.65,indicator
sse,industrial_momentum,3,37,-0.145,-0.87,-1.58,-0.17,0.351,indicator
wind_all,pmi_new_export_orders,3,30,-0.138,-0.73,1.75,-0.2,0.5,indicator
wind_all,imports,1,56,0.137,1.02,2.45,0.33,0.589,indicator
hs300,ppi,3,54,0.137,1.0,0.25,0.0,0.611,indicator
wind_all,pmi_production,1,32,-0.134,-0.74,-0.91,-0.2,0.469,indicator
sse,pmi_expectation,1,32,-0.134,-0.74,-2.58,0.1,0.469,indicator
hs300,m1_m2_spread,6,27,0.133,0.67,4.18,0.22,0.667,indicator
sse,index_pe_ttm,1,12,0.133,0.42,-0.63,-0.25,0.333,indicator
sse,equity_risk_premium,1,12,0.133,0.42,-0.63,-0.25,0.333,indicator
sse,exports,1,56,0.132,0.98,1.02,0.28,0.607,indicator
wind_all,resale_house_breadth,3,54,-0.13,-0.94,-3.99,-0.22,0.407,indicator
wind_all,imports,3,54,0.129,0.94,4.68,0.17,0.519,indicator
wind_all,equity_risk_premium,1,12,0.126,0.4,-1.24,-0.25,0.333,indicator
hs300,pmi_headline,1,32,-0.126,-0.69,-2.25,-0.1,0.406,indicator
hs300,imports,1,56,0.124,0.92,2.55,0.28,0.607,indicator
sse,new_high_breadth,1,12,-0.119,-0.38,-2.92,-0.5,0.25,indicator
wind_all,ppi,3,54,0.115,0.84,0.07,0.11,0.556,indicator
wind_all,m1_m2_spread,6,27,0.115,0.58,3.68,0.11,0.593,indicator
hs300,cpi,6,51,-0.113,-0.8,-3.49,-0.29,0.392,indicator
sse,pmi_headline,1,32,-0.111,-0.61,-1.62,-0.1,0.438,indicator
hs300,cpi,1,56,-0.107,-0.79,-1.37,0.06,0.518,indicator
sse,core_cpi,1,32,0.106,0.59,-0.89,0.1,0.562,indicator
sse,industrial_revenue,3,27,-0.105,-0.53,0.55,0.11,0.593,indicator
hs300,fai_equipment,3,27,0.102,0.51,2.16,0.0,0.556,indicator
sse,imports,3,54,0.102,0.74,2.7,0.0,0.481,indicator
hs300,industrial_momentum,3,37,-0.099,-0.59,-1.46,-0.17,0.378,indicator
sse,ppi,3,54,0.098,0.71,-0.4,0.0,0.519,indicator
sse,fai_equipment,1,28,0.096,0.49,0.98,0.0,0.464,indicator
sse,cpi,6,51,-0.096,-0.67,-2.67,0.0,0.431,indicator
sse,gdp,3,18,0.094,0.38,1.82,0.0,0.389,indicator
sse,cpi,1,56,-0.093,-0.68,-1.31,-0.11,0.482,indicator
hs300,special_bond_issuance,6,20,-0.088,-0.37,2.57,0.0,0.6,indicator
wind_all,fai_equipment,3,27,0.085,0.43,1.0,0.0,0.481,indicator
sse,pmi_new_export_orders,1,32,0.085,0.47,2.31,0.0,0.531,indicator
sse,core_cpi,3,30,-0.085,-0.45,-2.3,0.0,0.5,indicator
sse,price_spread,1,32,0.085,0.47,2.77,0.2,0.562,indicator
hs300,equity_risk_premium,1,12,-0.077,-0.24,-1.11,-0.25,0.333,indicator
wind_all,price_spread,6,27,0.075,0.38,3.12,0.11,0.556,indicator
hs300,gdp,3,18,0.075,0.3,3.7,0.0,0.5,indicator
sse,industrial_revenue,6,24,0.075,0.35,2.65,-0.12,0.667,indicator
hs300,industrial_inventory,6,24,0.068,0.32,3.64,0.12,0.667,indicator
sse,imports,1,56,0.066,0.49,1.58,0.11,0.536,indicator
wind_all,core_cpi,3,30,-0.065,-0.34,-2.82,-0.1,0.467,indicator
wind_all,property_loans,1,28,0.065,0.33,2.53,-0.11,0.464,indicator
sse,pmi_production,6,27,0.065,0.32,0.22,0.22,0.519,indicator
hs300,price_spread,6,27,0.057,0.29,2.38,0.0,0.556,indicator
sse,ppi,1,56,-0.055,-0.41,-0.66,0.11,0.5,indicator
sse,order_inventory_spread,6,27,0.053,0.27,-0.71,0.0,0.556,indicator
hs300,order_inventory_spread,6,27,0.052,0.26,-0.71,-0.11,0.519,indicator
sse,pmi_headline,6,27,0.049,0.24,-0.57,0.11,0.593,indicator
sse,special_bond_issuance,6,20,0.048,0.2,5.19,0.0,0.7,indicator
hs300,pmi_production,6,27,0.046,0.23,-1.05,-0.11,0.407,indicator
wind_all,fai_equipment,1,28,-0.042,-0.22,0.75,-0.11,0.429,indicator
hs300,pmi_production,1,32,-0.042,-0.23,-0.41,-0.1,0.469,indicator
wind_all,cpi,3,54,0.039,0.28,-0.98,0.06,0.463,indicator
wind_all,pmi_new_export_orders,1,32,0.037,0.2,2.36,-0.1,0.438,indicator
hs300,cpi,3,54,-0.035,-0.25,-1.85,0.0,0.519,indicator
sse,cpi,3,54,-0.035,-0.26,-1.85,0.0,0.5,indicator
hs300,pmi_headline,6,27,0.033,0.17,-1.41,-0.11,0.481,indicator
wind_all,cpi,6,51,-0.032,-0.22,-1.55,0.0,0.471,indicator
wind_all,price_spread,1,32,0.024,0.13,3.82,0.1,0.531,indicator
hs300,industrial_revenue,3,27,0.024,0.12,3.51,0.33,0.593,indicator
hs300,pmi_new_export_orders,1,32,0.023,0.13,2.33,0.0,0.5,indicator
hs300,core_cpi,3,30,0.022,0.12,-1.04,0.2,0.567,indicator
hs300,index_pe_ttm,1,12,0.021,0.07,-1.11,-0.25,0.333,indicator
wind_all,gdp,3,18,0.02,0.08,3.66,0.0,0.389,indicator
wind_all,cpi,1,56,-0.019,-0.14,-1.19,0.06,0.536,indicator
sse,pmi_production,1,32,-0.019,-0.1,-0.1,0.0,0.5,indicator
wind_all,ppi,1,56,0.015,0.11,-0.61,0.0,0.518,indicator
hs300,fai_equipment,1,28,0.012,0.06,0.6,-0.11,0.429,indicator
wind_all,industrial_revenue,6,24,0.011,0.05,0.99,-0.12,0.625,indicator
hs300,ppi,1,56,-0.01,-0.08,-0.49,0.0,0.536,indicator
wind_all,pmi_headline,6,27,0.009,0.04,-0.74,0.11,0.556,indicator
wind_all,industrial_inventory,6,24,0.009,0.04,3.69,0.25,0.667,indicator
hs300,price_spread,1,32,0.007,0.04,2.63,0.1,0.531,indicator
wind_all,order_inventory_spread,6,27,0.006,0.03,-1.02,0.0,0.593,indicator
wind_all,pmi_production,6,27,-0.002,-0.01,-1.21,0.0,0.481,indicator
sse,industrial_inventory,6,24,0.002,0.01,0.57,0.0,0.625,indicator
